tool,symbol,strategy,trade_date,cutoff_timestamp_utc,max_timestamp_used_utc,strictly_before_cutoff,status,ok,run_id_constraint
get_model_metrics,BTC/USDT,buy_and_hold,2025-04-09,2025-04-09 00:00:00+00:00,2025-04-08 23:00:00+00:00,True,ok,True,pilot_2025
get_model_metrics,BTC/USDT,lstm,2025-04-09,2025-04-09 00:00:00+00:00,2025-04-08 23:00:00+00:00,True,ok,True,pilot_2025
get_model_metrics,BTC/USDT,buy_and_hold,2025-04-10,2025-04-10 00:00:00+00:00,2025-04-09 23:00:00+00:00,True,ok,True,pilot_2025
get_model_metrics,BTC/USDT,lstm,2025-04-10,2025-04-10 00:00:00+00:00,2025-04-09 23:00:00+00:00,True,ok,True,pilot_2025
get_model_metrics,BTC/USDT,buy_and_hold,2025-04-11,2025-04-11 00:00:00+00:00,2025-04-10 23:00:00+00:00,True,ok,True,pilot_2025
get_model_metrics,BTC/USDT,lstm,2025-04-11,2025-04-11 00:00:00+00:00,2025-04-10 23:00:00+00:00,True,ok,True,pilot_2025
get_model_metrics,BTC/USDT,buy_and_hold,2025-04-12,2025-04-12 00:00:00+00:00,2025-04-11 23:00:00+00:00,True,ok,True,pilot_2025
get_model_metrics,BTC/USDT,lstm,2025-04-12,2025-04-12 00:00:00+00:00,2025-04-11 23:00:00+00:00,True,ok,True,pilot_2025
get_model_metrics,BTC/USDT,buy_and_hold,2025-04-13,2025-04-13 00:00:00+00:00,2025-04-12 23:00:00+00:00,True,ok,True,pilot_2025
get_model_metrics,BTC/USDT,lstm,2025-04-13,2025-04-13 00:00:00+00:00,2025-04-12 23:00:00+00:00,True,ok,True,pilot_2025
get_model_metrics,BTC/USDT,buy_and_hold,2025-04-14,2025-04-14 00:00:00+00:00,2025-04-13 23:00:00+00:00,True,ok,True,pilot_2025
get_model_metrics,BTC/USDT,lstm,2025-04-14,2025-04-14 00:00:00+00:00,2025-04-13 23:00:00+00:00,True,ok,True,pilot_2025
get_model_metrics,BTC/USDT,buy_and_hold,2025-04-15,2025-04-15 00:00:00+00:00,2025-04-14 23:00:00+00:00,True,ok,True,pilot_2025
get_model_metrics,BTC/USDT,lstm,2025-04-15,2025-04-15 00:00:00+00:00,2025-04-14 23:00:00+00:00,True,ok,True,pilot_2025
get_model_metrics,BTC/USDT,buy_and_hold,2025-04-16,2025-04-16 00:00:00+00:00,2025-04-15 23:00:00+00:00,True,ok,True,pilot_2025
get_model_metrics,BTC/USDT,lstm,2025-04-16,2025-04-16 00:00:00+00:00,2025-04-15 23:00:00+00:00,True,ok,True,pilot_2025
get_model_metrics,BTC/USDT,buy_and_hold,2025-04-17,2025-04-17 00:00:00+00:00,2025-04-16 23:00:00+00:00,True,ok,True,pilot_2025
get_model_metrics,BTC/USDT,lstm,2025-04-17,2025-04-17 00:00:00+00:00,2025-04-16 23:00:00+00:00,True,ok,True,pilot_2025
get_model_metrics,BTC/USDT,buy_and_hold,2025-04-18,2025-04-18 00:00:00+00:00,2025-04-17 23:00:00+00:00,True,ok,True,pilot_2025
get_model_metrics,BTC/USDT,lstm,2025-04-18,2025-04-18 00:00:00+00:00,2025-04-17 23:00:00+00:00,True,ok,True,pilot_2025
get_model_metrics,BTC/USDT,buy_and_hold,2025-04-19,2025-04-19 00:00:00+00:00,2025-04-18 23:00:00+00:00,True,ok,True,pilot_2025
get_model_metrics,BTC/USDT,lstm,2025-04-19,2025-04-19 00:00:00+00:00,2025-04-18 23:00:00+00:00,True,ok,True,pilot_2025
get_model_metrics,BTC/USDT,buy_and_hold,2025-04-20,2025-04-20 00:00:00+00:00,2025-04-19 23:00:00+00:00,True,ok,True,pilot_2025
get_model_metrics,BTC/USDT,lstm,2025-04-20,2025-04-20 00:00:00+00:00,2025-04-19 23:00:00+00:00,True,ok,True,pilot_2025
get_model_metrics,BTC/USDT,buy_and_hold,2025-04-21,2025-04-21 00:00:00+00:00,2025-04-20 23:00:00+00:00,True,ok,True,pilot_2025
get_model_metrics,BTC/USDT,lstm,2025-04-21,2025-04-21 00:00:00+00:00,2025-04-20 23:00:00+00:00,True,ok,True,pilot_2025
get_model_metrics,BTC/USDT,buy_and_hold,2025-04-22,2025-04-22 00:00:00+00:00,2025-04-21 23:00:00+00:00,True,ok,True,pilot_2025
get_model_metrics,BTC/USDT,lstm,2025-04-22,2025-04-22 00:00:00+00:00,2025-04-21 23:00:00+00:00,True,ok,True,pilot_2025
get_model_metrics,BTC/USDT,buy_and_hold,2025-04-23,2025-04-23 00:00:00+00:00,2025-04-22 23:00:00+00:00,True,ok,True,pilot_2025
get_model_metrics,BTC/USDT,lstm,2025-04-23,2025-04-23 00:00:00+00:00,2025-04-22 23:00:00+00:00,True,ok,True,pilot_2025
get_model_metrics,BTC/USDT,buy_and_hold,2025-04-24,2025-04-24 00:00:00+00:00,2025-04-23 23:00:00+00:00,True,ok,True,pilot_2025
get_model_metrics,BTC/USDT,lstm,2025-04-24,2025-04-24 00:00:00+00:00,2025-04-23 23:00:00+00:00,True,ok,True,pilot_2025
get_model_metrics,BTC/USDT,buy_and_hold,2025-04-25,2025-04-25 00:00:00+00:00,2025-04-24 23:00:00+00:00,True,ok,True,pilot_2025
get_model_metrics,BTC/USDT,lstm,2025-04-25,2025-04-25 00:00:00+00:00,2025-04-24 23:00:00+00:00,True,ok,True,pilot_2025
get_model_metrics,BTC/USDT,buy_and_hold,2025-04-26,2025-04-26 00:00:00+00:00,2025-04-25 23:00:00+00:00,True,ok,True,pilot_2025
get_model_metrics,BTC/USDT,lstm,2025-04-26,2025-04-26 00:00:00+00:00,2025-04-25 23:00:00+00:00,True,ok,True,pilot_2025
get_model_metrics,BTC/USDT,buy_and_hold,2025-04-27,2025-04-27 00:00:00+00:00,2025-04-26 23:00:00+00:00,True,ok,True,pilot_2025
get_model_metrics,BTC/USDT,lstm,2025-04-27,2025-04-27 00:00:00+00:00,2025-04-26 23:00:00+00:00,True,ok,True,pilot_2025
get_model_metrics,BTC/USDT,buy_and_hold,2025-04-28,2025-04-28 00:00:00+00:00,2025-04-27 23:00:00+00:00,True,ok,True,pilot_2025
get_model_metrics,BTC/USDT,lstm,2025-04-28,2025-04-28 00:00:00+00:00,2025-04-27 23:00:00+00:00,True,ok,True,pilot_2025
get_model_metrics,BTC/USDT,buy_and_hold,2025-04-29,2025-04-29 00:00:00+00:00,2025-04-28 23:00:00+00:00,True,ok,True,pilot_2025
get_model_metrics,BTC/USDT,lstm,2025-04-29,2025-04-29 00:00:00+00:00,2025-04-28 23:00:00+00:00,True,ok,True,pilot_2025
get_model_metrics,BTC/USDT,buy_and_hold,2025-04-30,2025-04-30 00:00:00+00:00,2025-04-29 23:00:00+00:00,True,ok,True,pilot_2025
get_model_metrics,BTC/USDT,lstm,2025-04-30,2025-04-30 00:00:00+00:00,2025-04-29 23:00:00+00:00,True,ok,True,pilot_2025
get_model_metrics,BTC/USDT,buy_and_hold,2025-05-01,2025-05-01 00:00:00+00:00,2025-04-30 23:00:00+00:00,True,ok,True,pilot_2025
get_model_metrics,BTC/USDT,lstm,2025-05-01,2025-05-01 00:00:00+00:00,2025-04-30 23:00:00+00:00,True,ok,True,pilot_2025
get_model_metrics,BTC/USDT,buy_and_hold,2025-05-02,2025-05-02 00:00:00+00:00,2025-05-01 23:00:00+00:00,True,ok,True,pilot_2025
get_model_metrics,BTC/USDT,lstm,2025-05-02,2025-05-02 00:00:00+00:00,2025-05-01 23:00:00+00:00,True,ok,True,pilot_2025
get_model_metrics,BTC/USDT,buy_and_hold,2025-05-03,2025-05-03 00:00:00+00:00,2025-05-02 23:00:00+00:00,True,ok,True,pilot_2025
get_model_metrics,BTC/USDT,lstm,2025-05-03,2025-05-03 00:00:00+00:00,2025-05-02 23:00:00+00:00,True,ok,True,pilot_2025
get_model_metrics,BTC/USDT,buy_and_hold,2025-05-04,2025-05-04 00:00:00+00:00,2025-05-03 23:00:00+00:00,True,ok,True,pilot_2025
get_model_metrics,BTC/USDT,lstm,2025-05-04,2025-05-04 00:00:00+00:00,2025-05-03 23:00:00+00:00,True,ok,True,pilot_2025
get_model_metrics,BTC/USDT,buy_and_hold,2025-05-05,2025-05-05 00:00:00+00:00,2025-05-04 23:00:00+00:00,True,ok,True,pilot_2025
get_model_metrics,BTC/USDT,lstm,2025-05-05,2025-05-05 00:00:00+00:00,2025-05-04 23:00:00+00:00,True,ok,True,pilot_2025
get_model_metrics,BTC/USDT,buy_and_hold,2025-05-06,2025-05-06 00:00:00+00:00,2025-05-05 23:00:00+00:00,True,ok,True,pilot_2025
get_model_metrics,BTC/USDT,lstm,2025-05-06,2025-05-06 00:00:00+00:00,2025-05-05 23:00:00+00:00,True,ok,True,pilot_2025
get_model_metrics,BTC/USDT,buy_and_hold,2025-05-07,2025-05-07 00:00:00+00:00,2025-05-06 23:00:00+00:00,True,ok,True,pilot_2025
get_model_metrics,BTC/USDT,lstm,2025-05-07,2025-05-07 00:00:00+00:00,2025-05-06 23:00:00+00:00,True,ok,True,pilot_2025
get_model_metrics,BTC/USDT,buy_and_hold,2025-05-08,2025-05-08 00:00:00+00:00,2025-05-07 23:00:00+00:00,True,ok,True,pilot_2025
get_model_metrics,BTC/USDT,lstm,2025-05-08,2025-05-08 00:00:00+00:00,2025-05-07 23:00:00+00:00,True,ok,True,pilot_2025
